{"sw_score_s1": 0.11283134454700783, "sw_score_s2": 0.07531634551843373, "sw_score_s3": 0.08369159541491321, "sw_score_s4": 0.09850767143405217, "sw_score_s5": 0.06259495095058969, "sw_score_s6": 0.0943913913203544, "sw_score_s7": 0.1173040554587634, "sw_score_s8": 0.08891740674944561, "sw_score_s9": 0.10290480591857583}